City_ID,City,Country,Date,Lat,Lng,Max Temp,Humidity,Cloudiness,Wind Speed
0,Provideniya,RU,2020-11-20 01:14:29,64.38,-173.3,32.0,98,90,15.66
1,Rikitea,PF,2020-11-20 01:11:00,-23.12,-134.97,71.78,76,2,14.7
2,Victoria,HK,2020-11-20 01:10:26,22.29,114.16,78.01,85,0,6.24
3,Tiksi,RU,2020-11-20 01:14:30,71.69,128.87,2.7,88,100,20.58
4,Albany,US,2020-11-20 01:14:30,42.6,-73.97,42.01,48,100,3.0
5,Saint Anthony,US,2020-11-20 01:14:30,45.02,-93.22,48.2,75,1,3.36
6,Chitipa,MW,2020-11-20 01:14:30,-9.7,33.27,66.99,52,0,3.47
7,Hithadhoo,MV,2020-11-20 01:14:31,-0.6,73.08,81.23,73,99,6.35
8,Bilibino,RU,2020-11-20 01:14:31,68.05,166.44,10.56,88,100,2.21
9,Esperance,AU,2020-11-20 01:14:31,-33.87,121.9,66.2,77,40,10.29
10,Faya,SA,2020-11-20 01:14:31,18.39,42.45,53.6,81,0,1.34
11,Cidreira,BR,2020-11-20 01:11:01,-30.18,-50.21,64.76,66,19,7.23
12,Pondicherry,IN,2020-11-20 01:14:31,11.93,79.83,77.11,84,23,7.76
13,Thompson,CA,2020-11-20 01:14:32,55.74,-97.86,10.4,85,40,8.05
14,Paka,MY,2020-11-20 01:14:32,4.64,103.44,77.0,100,40,2.24
15,Hobart,AU,2020-11-20 01:09:42,-42.88,147.33,66.99,59,75,23.04
16,Kaitangata,NZ,2020-11-20 01:12:26,-46.28,169.85,64.99,69,100,3.0
17,Castro,BR,2020-11-20 01:14:32,-24.79,-50.01,53.31,97,36,8.3
18,Punta Arenas,CL,2020-11-20 01:12:04,-53.15,-70.92,55.4,66,75,13.87
19,Tuktoyaktuk,CA,2020-11-20 01:14:33,69.45,-133.04,-0.4,84,20,8.05
20,Kudahuvadhoo,MV,2020-11-20 01:14:33,2.67,72.89,82.24,68,100,6.38
21,Henties Bay,NA,2020-11-20 01:14:33,-22.12,14.28,57.0,89,11,4.0
22,Salina,US,2020-11-20 01:13:07,38.84,-97.61,62.01,41,1,4.7
23,Hermanus,ZA,2020-11-20 01:13:40,-34.42,19.23,60.01,82,0,5.01
24,Cherskiy,RU,2020-11-20 01:11:55,68.75,161.3,5.0,95,84,3.49
25,Bredasdorp,ZA,2020-11-20 01:14:34,-34.53,20.04,51.8,93,0,3.36
26,Brokopondo,SR,2020-11-20 01:14:34,4.75,-55.17,77.67,85,100,9.89
27,Dikson,RU,2020-11-20 01:14:34,73.51,80.55,17.55,97,100,24.23
28,Rajshahi,BD,2020-11-20 01:14:35,24.37,88.6,71.22,70,1,2.28
29,Kapaa,US,2020-11-20 01:14:35,22.08,-159.32,80.6,78,90,14.99
30,Barrow,US,2020-11-20 01:11:28,71.29,-156.79,21.2,85,90,14.99
31,Vestmannaeyjar,IS,2020-11-20 01:12:02,63.44,-20.27,42.19,80,100,15.55
32,Ribeira Grande,PT,2020-11-20 01:11:50,38.52,-28.7,59.61,69,0,11.48
33,Ahipara,NZ,2020-11-20 01:14:35,-35.17,173.17,65.41,53,98,8.7
34,Teguldet,RU,2020-11-20 01:14:36,57.31,88.17,14.61,95,100,12.28
35,Evensk,RU,2020-11-20 01:14:36,61.95,159.23,3.11,86,97,9.91
36,Ponta Do Sol,PT,2020-11-20 01:14:36,32.67,-17.1,66.2,72,40,14.99
37,Constitucion,CL,2020-11-20 01:14:36,-35.33,-72.42,54.07,82,100,4.0
38,Port Hardy,CA,2020-11-20 01:14:36,50.7,-127.42,44.6,93,75,4.7
39,Verkhnevilyuysk,RU,2020-11-20 01:14:37,63.45,120.32,-6.5,90,7,6.96
40,Bambous Virieux,MU,2020-11-20 01:11:01,-20.34,57.76,71.01,88,75,8.9
41,Maniitsoq,GL,2020-11-20 01:14:37,65.42,-52.9,31.19,93,31,10.16
42,Tahta,EG,2020-11-20 01:14:37,26.77,31.5,59.0,77,0,4.7
43,Half Moon Bay,US,2020-11-20 01:09:40,37.46,-122.43,57.2,81,1,11.41
44,Megion,RU,2020-11-20 01:14:28,61.03,76.11,17.6,85,75,15.66
45,Mokhsogollokh,RU,2020-11-20 01:14:38,61.47,128.92,-3.42,90,100,6.96
46,New Norfolk,AU,2020-11-20 01:11:20,-42.78,147.06,66.99,43,100,3.0
47,Broken Hill,AU,2020-11-20 01:14:38,-31.95,141.43,82.4,23,14,13.87
48,El Tigre,VE,2020-11-20 01:12:10,8.89,-64.25,76.59,80,0,10.85
49,Ushuaia,AR,2020-11-20 01:13:14,-54.8,-68.3,50.0,71,75,13.87
50,Yellowknife,CA,2020-11-20 01:14:38,62.46,-114.35,3.2,84,90,2.24
51,Khatanga,RU,2020-11-20 01:11:47,71.97,102.5,15.35,96,100,15.7
52,North Bend,US,2020-11-20 01:14:39,43.41,-124.22,51.8,81,1,6.93
53,Bereda,ES,2020-11-20 01:14:39,43.27,-7.54,50.0,100,91,7.07
54,Port Alfred,ZA,2020-11-20 01:14:39,-33.59,26.89,60.3,68,15,3.04
55,Atuona,PF,2020-11-20 01:14:39,-9.8,-139.03,78.46,71,81,9.69
56,Bluff,NZ,2020-11-20 01:09:51,-46.6,168.33,64.99,83,99,3.0
57,Qaanaaq,GL,2020-11-20 01:14:40,77.48,-69.36,28.24,90,100,11.61
58,Butaritari,KI,2020-11-20 01:14:40,3.07,172.79,82.69,78,49,15.93
59,Ouesso,CG,2020-11-20 01:14:40,1.61,16.05,73.67,79,62,1.16
60,Payo,ID,2020-11-20 01:14:40,-3.75,103.64,79.11,83,100,1.03
61,Avanigadda,IN,2020-11-20 01:14:40,16.02,80.92,73.4,94,20,3.36
62,Takoradi,GH,2020-11-20 01:11:35,4.88,-1.76,77.97,85,32,6.98
63,Shenjiamen,CN,2020-11-20 01:14:41,29.96,122.3,65.68,73,9,14.03
64,Mataura,NZ,2020-11-20 01:14:41,-46.19,168.86,64.99,83,100,3.0
65,Cape Town,ZA,2020-11-20 01:13:36,-33.93,18.42,64.0,63,0,4.7
66,Busselton,AU,2020-11-20 01:14:41,-33.65,115.33,69.01,85,56,1.01
67,La Joya,MX,2020-11-20 01:14:42,18.67,-99.47,77.0,31,5,4.92
68,Mayo,US,2020-11-20 01:14:42,38.89,-76.51,48.99,49,1,6.93
69,Zamora,EC,2020-11-20 01:14:42,-4.07,-78.96,66.22,72,88,4.12
70,Itoman,JP,2020-11-20 01:14:42,26.12,127.67,80.6,78,20,5.82
71,Severo-Kurilsk,RU,2020-11-20 01:14:42,50.68,156.12,33.04,90,100,11.14
72,Aksay,RU,2020-11-20 01:14:42,47.26,39.87,26.6,79,75,15.66
73,Saint George,US,2020-11-20 01:12:10,37.1,-113.58,64.4,25,1,6.93
74,Urumqi,CN,2020-11-20 01:14:13,43.8,87.6,19.4,85,75,3.47
75,Haines Junction,CA,2020-11-20 01:12:43,60.75,-137.51,-13.0,75,62,0.65
76,Balkhash,KZ,2020-11-20 01:14:44,46.84,74.98,9.5,88,0,11.74
77,Jamestown,US,2020-11-20 01:14:44,42.1,-79.24,55.4,30,1,17.22
78,Boralday,KZ,2020-11-20 01:14:44,43.36,76.86,12.2,85,90,2.24
79,Astaneh-Ye Ashrafiyeh,IR,2020-11-20 01:14:44,37.26,49.94,50.54,82,95,2.51
80,Norman Wells,CA,2020-11-20 01:12:32,65.28,-126.83,-13.0,75,5,3.36
81,Mazara Del Vallo,IT,2020-11-20 01:14:45,37.66,12.59,60.8,93,40,5.82
82,Dunedin,NZ,2020-11-20 01:11:41,-45.87,170.5,63.0,66,100,3.0
83,Nakusp,CA,2020-11-20 01:14:45,50.25,-117.8,42.8,56,100,1.12
84,Tura,IN,2020-11-20 01:14:45,25.52,90.22,63.23,89,17,1.81
85,Jining,CN,2020-11-20 01:14:45,35.41,116.58,48.0,1,100,7.96
86,Bethel,US,2020-11-20 01:11:57,41.37,-73.41,42.8,48,1,9.17
87,Ulladulla,AU,2020-11-20 01:14:46,-35.35,150.47,89.01,55,0,9.17
88,Faanui,PF,2020-11-20 01:14:46,-16.48,-151.75,80.22,74,100,8.7
89,Puerto Ayora,EC,2020-11-20 01:14:37,-0.74,-90.35,71.01,93,75,10.54
90,Coahuayana,MX,2020-11-20 01:14:46,18.73,-103.68,87.8,43,5,1.23
91,Beringovskiy,RU,2020-11-20 01:14:46,63.05,179.32,34.52,87,100,8.77
92,Richards Bay,ZA,2020-11-20 01:14:46,-28.78,32.04,67.66,80,92,12.75
93,Tandalti,SD,2020-11-20 01:14:47,13.02,31.87,76.35,27,0,11.14
94,Imbituba,BR,2020-11-20 01:12:25,-28.24,-48.67,66.2,77,75,5.82
95,Gat,IL,2020-11-20 01:13:00,31.61,34.76,64.0,100,0,4.41
96,Vaini,TO,2020-11-20 01:14:47,-21.2,-175.2,80.6,78,75,10.29
97,Nikolskoye,RU,2020-11-20 01:14:47,59.7,30.79,45.0,75,90,13.42
98,Chuy,UY,2020-11-20 01:14:48,-33.7,-53.46,57.63,74,0,5.19
99,Moranbah,AU,2020-11-20 01:14:48,-22.0,148.05,85.15,41,45,19.77
100,Saldanha,ZA,2020-11-20 01:13:18,-33.01,17.94,60.8,67,0,3.36
101,Utete,TZ,2020-11-20 01:14:48,-7.99,38.76,72.45,97,12,0.76
102,Port Elizabeth,ZA,2020-11-20 01:14:48,-33.92,25.57,53.6,93,75,4.7
103,Kushmurun,KZ,2020-11-20 01:14:49,52.45,64.63,16.48,96,0,11.5
104,Howard Springs,AU,2020-11-20 01:14:49,-12.5,131.05,93.0,62,40,3.36
105,Komsomolskiy,UZ,2020-11-20 01:11:09,40.43,71.72,17.6,67,0,4.7
106,Bang Saphan,TH,2020-11-20 01:14:49,11.21,99.51,84.99,94,75,1.12
107,Mungwi,ZM,2020-11-20 01:14:49,-10.17,31.37,66.58,80,21,2.77
108,Meulaboh,ID,2020-11-20 01:11:56,4.14,96.13,78.64,82,41,5.44
109,Mayskiy,RU,2020-11-20 01:14:50,47.69,40.1,26.6,79,75,15.66
110,Pangnirtung,CA,2020-11-20 01:12:56,66.15,-65.71,12.87,91,98,4.85
111,Athens,GR,2020-11-20 01:14:30,37.98,23.72,54.0,66,40,9.17
112,Marystown,CA,2020-11-20 01:14:50,47.17,-55.15,34.0,100,62,7.0
113,La Carolina,ES,2020-11-20 01:14:51,38.28,-3.62,60.01,58,0,1.01
114,Marathon,US,2020-11-20 01:14:51,44.9,-89.77,48.2,70,1,4.68
115,Anqing,CN,2020-11-20 01:12:43,30.51,117.05,58.86,72,5,11.9
116,Asosa,ET,2020-11-20 01:14:51,10.07,34.53,65.91,58,0,2.55
117,Formosa,AR,2020-11-20 01:14:51,-26.18,-58.18,73.4,64,0,3.36
118,Joshimath,IN,2020-11-20 01:14:52,30.57,79.57,35.78,49,0,7.05
119,Vychegodskiy,RU,2020-11-20 01:14:52,61.25,46.9,38.32,79,100,17.74
120,Porkhov,RU,2020-11-20 01:14:52,57.77,29.56,46.4,75,100,20.13
121,Vostok,RU,2020-11-20 01:14:52,46.49,135.88,22.6,98,100,5.53
122,Longyearbyen,SJ,2020-11-20 01:14:52,78.22,15.64,17.6,67,75,11.41
123,Sorong,ID,2020-11-20 01:11:43,-0.88,131.25,82.8,78,2,3.69
124,Kulhudhuffushi,MV,2020-11-20 01:14:53,6.62,73.07,81.77,77,85,8.99
125,Arraial Do Cabo,BR,2020-11-20 01:14:53,-22.97,-42.03,72.28,88,100,24.99
126,Codrington,AU,2020-11-20 01:14:53,-38.27,141.97,62.53,75,100,10.96
127,Hailar,CN,2020-11-20 01:14:53,49.2,119.7,14.9,88,100,5.84
128,Pedasi,PA,2020-11-20 01:14:53,7.53,-80.03,78.03,86,97,13.6
129,Sao Joao Da Barra,BR,2020-11-20 01:13:01,-21.64,-41.05,74.5,91,99,21.23
130,Itarema,BR,2020-11-20 01:14:54,-2.92,-39.92,79.48,81,74,12.66
131,Keita,NE,2020-11-20 01:14:54,14.76,5.77,69.8,28,0,4.7
132,Kieta,PG,2020-11-20 01:14:54,-6.22,155.63,86.05,63,91,4.27
133,Ambulu,ID,2020-11-20 01:14:55,-8.35,113.61,84.49,71,23,0.83
134,Keti Bandar,PK,2020-11-20 01:14:55,24.14,67.45,70.59,48,6,7.72
135,Viedma,AR,2020-11-20 01:10:24,-40.81,-63.0,70.0,54,0,1.99
136,Moose Factory,CA,2020-11-20 01:13:17,51.26,-80.61,37.4,86,90,12.75
137,Nouadhibou,MR,2020-11-20 01:11:25,20.93,-17.03,71.6,73,0,13.87
138,Luderitz,NA,2020-11-20 01:14:56,-26.65,15.16,60.44,74,0,9.66
139,Padang,ID,2020-11-20 01:12:34,-0.95,100.35,79.25,79,100,2.68
140,Avarua,CK,2020-11-20 01:11:24,-21.21,-159.78,80.6,78,23,9.17
141,Mahebourg,MU,2020-11-20 01:14:56,-20.41,57.7,69.8,88,75,8.34
142,Carnarvon,AU,2020-11-20 01:12:33,-24.87,113.63,73.4,60,100,21.92
143,Fenoarivo,MG,2020-11-20 01:14:57,-18.93,47.44,59.0,82,20,1.12
144,Saint-Philippe,RE,2020-11-20 01:14:57,-21.36,55.77,69.8,56,20,9.17
145,Pombas,CV,2020-11-20 01:14:57,17.15,-25.02,77.0,73,75,14.99
146,Altay,CN,2020-11-20 01:14:58,47.87,88.12,4.53,64,0,4.0
147,Bonavista,CA,2020-11-20 01:14:58,48.65,-53.11,28.0,62,89,9.17
148,Puerto Escondido,MX,2020-11-20 01:14:58,15.85,-97.07,82.4,69,75,5.82
149,Abatskoye,RU,2020-11-20 01:14:58,56.29,70.46,16.23,93,3,14.36
150,Gore,NZ,2020-11-20 01:14:58,-46.1,168.94,64.99,83,100,3.0
151,Tombouctou,ML,2020-11-20 01:14:58,20.0,-3.0,71.94,21,4,9.78
152,Georgetown,MY,2020-11-20 01:11:12,5.41,100.34,80.6,94,20,4.7
153,Marrakesh,MA,2020-11-20 01:14:59,31.63,-8.01,62.6,42,0,2.95
154,Alice Springs,AU,2020-11-20 01:14:16,-23.7,133.88,95.0,12,75,1.12
155,Kondinskoye,RU,2020-11-20 01:14:59,59.65,67.41,23.76,93,100,15.46
156,Muroto,JP,2020-11-20 01:12:20,33.28,134.15,69.8,100,75,1.12
157,Gazojak,TM,2020-11-20 01:15:00,41.19,61.4,16.05,75,0,9.82
158,Hamilton,US,2020-11-20 01:15:00,39.18,-84.53,59.0,30,1,13.87
159,Portland,US,2020-11-20 01:14:16,45.52,-122.68,48.0,87,98,3.0
160,Tamworth,GB,2020-11-20 01:14:59,52.63,-1.7,37.99,86,0,5.82
161,Udachnyy,RU,2020-11-20 01:15:01,66.42,112.4,1.4,84,0,4.47
162,Kodiak,US,2020-11-20 01:13:20,57.79,-152.41,37.4,93,90,8.55
163,Novopokrovka,UA,2020-11-20 01:15:01,49.84,36.55,24.8,100,90,6.71
164,Buford,US,2020-11-20 01:11:02,34.12,-84.0,44.6,70,1,5.59
165,Rabo De Peixe,PT,2020-11-20 01:15:02,37.8,-25.58,60.8,87,40,19.46
166,Hirara,JP,2020-11-20 01:15:02,24.8,125.28,78.8,88,40,9.17
167,Sitka,US,2020-11-20 01:15:03,57.05,-135.33,39.2,60,90,13.87
168,Ahuimanu,US,2020-11-20 01:15:03,21.44,-157.84,82.4,61,75,16.11
169,Juegang,CN,2020-11-20 01:15:03,32.32,121.19,59.0,79,94,1.99
170,East London,ZA,2020-11-20 01:15:04,-33.02,27.91,64.09,60,98,0.74
171,Rognan,NO,2020-11-20 01:15:04,67.1,15.39,34.0,85,100,3.0
172,Narsaq,GL,2020-11-20 01:12:37,60.92,-46.05,30.2,92,100,4.68
173,Ilulissat,GL,2020-11-20 01:15:05,69.22,-51.1,33.8,43,100,14.99
174,Iqaluit,CA,2020-11-20 01:11:29,63.75,-68.51,0.0,70,5,17.22
175,Muros,ES,2020-11-20 01:11:53,42.78,-9.06,53.01,81,0,4.0
176,Lakes Entrance,AU,2020-11-20 01:11:54,-37.88,147.98,82.99,36,1,5.01
177,Sechura,PE,2020-11-20 01:15:05,-5.56,-80.82,66.96,74,100,15.19
178,Sao Jose Da Tapera,BR,2020-11-20 01:10:54,-9.56,-37.38,78.96,66,97,13.04
179,Yining,CN,2020-11-20 01:15:06,29.04,114.56,56.7,75,74,2.08
180,Lebu,CL,2020-11-20 01:10:37,-37.62,-73.65,52.99,86,94,1.54
181,Moree,AU,2020-11-20 01:15:06,-29.47,149.85,84.2,30,0,16.11
182,Port Augusta,AU,2020-11-20 01:15:07,-32.5,137.77,88.0,72,4,14.99
183,Cascais,PT,2020-11-20 01:10:34,38.7,-9.42,68.0,63,0,8.01
184,Coquimbo,CL,2020-11-20 01:11:06,-29.95,-71.34,57.2,82,40,5.82
185,Alofi,NU,2020-11-20 01:15:07,-19.06,-169.92,77.0,81,75,3.36
186,Adrar,MR,2020-11-20 01:11:13,20.5,-10.07,70.56,25,99,9.78
187,Niteroi,BR,2020-11-20 01:15:08,-22.88,-43.1,73.99,94,90,19.46
188,Bengkulu,ID,2020-11-20 01:11:02,-3.8,102.27,79.27,81,100,3.56
189,Kerema,PG,2020-11-20 01:15:08,-7.96,145.78,85.89,67,94,6.15
190,Anshun,CN,2020-11-20 01:15:09,26.25,105.93,59.02,91,100,14.14
191,Batsfjord,NO,2020-11-20 01:15:09,70.63,29.72,36.54,87,100,30.02
192,Santa Rosa,PH,2020-11-20 01:15:09,14.31,121.11,87.01,70,20,3.36
193,Fort Nelson,CA,2020-11-20 01:15:02,58.81,-122.7,5.0,84,40,3.36
194,Qaqortoq,GL,2020-11-20 01:15:10,60.72,-46.03,30.2,92,100,9.33
195,San Patricio,US,2020-11-20 01:15:10,28.02,-97.52,73.4,64,20,10.29
196,Clyde River,CA,2020-11-20 01:15:10,70.47,-68.59,14.0,92,90,11.41
197,Autun,FR,2020-11-20 01:14:30,46.95,4.3,43.0,93,75,8.05
198,Kjollefjord,NO,2020-11-20 01:15:10,70.95,27.35,34.43,93,100,30.4
199,Copala,MX,2020-11-20 01:15:11,16.65,-98.98,78.8,61,55,1.54
200,Abbeville,FR,2020-11-20 01:15:11,50.1,1.83,37.99,79,16,0.94
201,Kavieng,PG,2020-11-20 01:15:11,-2.57,150.8,84.07,74,100,8.9
202,Hokitika,NZ,2020-11-20 01:15:11,-42.72,170.97,61.99,70,71,8.61
203,Aktau,KZ,2020-11-20 01:15:11,43.65,51.2,21.2,48,0,15.66
204,Sao Filipe,CV,2020-11-20 01:15:12,14.9,-24.5,78.93,70,41,7.56
205,Hilo,US,2020-11-20 01:15:12,19.73,-155.09,80.6,65,75,8.05
206,Bandarbeyla,SO,2020-11-20 01:15:12,9.49,50.81,74.41,76,100,18.21
207,Sarakhs,IR,2020-11-20 01:15:12,36.54,61.16,32.0,69,0,4.7
208,Bud,US,2020-11-20 01:15:12,39.45,-86.18,60.8,30,1,13.87
209,Belaya Gora,RU,2020-11-20 01:15:13,68.53,146.42,-5.15,88,100,3.22
210,Mitsamiouli,KM,2020-11-20 01:15:13,-11.38,43.28,79.12,75,1,8.37
211,Bay Village,US,2020-11-20 01:15:13,41.48,-81.92,64.4,25,75,23.04
212,Kapit,MY,2020-11-20 01:15:13,2.02,112.93,82.11,79,72,1.28
213,Husavik,IS,2020-11-20 01:15:14,66.04,-17.34,30.2,74,0,8.05
214,Chifeng,CN,2020-11-20 01:15:14,42.27,118.96,19.74,86,0,5.75
215,Broome,US,2020-11-20 01:15:14,42.25,-75.83,41.0,52,1,11.41
216,Sa Kaeo,TH,2020-11-20 01:11:06,13.75,102.33,80.13,76,0,2.62
217,Nantucket,US,2020-11-20 01:15:15,41.28,-70.1,51.8,71,75,24.16
218,Marfino,RU,2020-11-20 01:15:15,55.7,37.38,32.0,90,90,15.66
219,Inhambane,MZ,2020-11-20 01:15:15,-23.86,35.38,75.07,83,42,10.4
220,Airai,TL,2020-11-20 01:15:15,-8.93,125.41,77.0,48,93,3.53
221,Namwala,ZM,2020-11-20 01:15:16,-15.75,26.44,71.49,80,24,2.15
222,Port-Gentil,GA,2020-11-20 01:15:16,-0.72,8.78,78.78,87,100,11.1
223,Tasiilaq,GL,2020-11-20 01:15:16,65.61,-37.64,30.2,68,100,25.28
224,Awbari,LY,2020-11-20 01:15:16,26.59,12.78,52.81,61,0,5.06
225,Bancal,PH,2020-11-20 01:15:16,11.56,123.16,82.6,81,2,11.43
226,Tual,ID,2020-11-20 01:15:17,-5.67,132.75,84.15,73,95,7.99
227,Tamandare,BR,2020-11-20 01:15:17,-8.76,-35.1,78.15,82,89,9.53
228,Brigantine,US,2020-11-20 01:15:17,39.41,-74.36,46.99,52,1,6.93
229,Port Lincoln,AU,2020-11-20 01:15:17,-34.73,135.87,64.02,65,100,13.24
230,Myre,NO,2020-11-20 01:15:18,69.1,15.95,36.0,55,75,23.04
231,Nogliki,RU,2020-11-20 01:15:18,51.83,143.17,21.22,89,100,11.45
232,Aykhal,RU,2020-11-20 01:12:23,66.0,111.5,1.4,84,0,4.47
233,Trelew,AR,2020-11-20 01:15:18,-43.25,-65.31,75.45,28,16,24.58
234,Saskylakh,RU,2020-11-20 01:15:18,71.92,114.08,17.85,95,100,12.46
235,Naze,JP,2020-11-20 01:15:19,28.37,129.48,78.8,78,75,14.99
236,Pevek,RU,2020-11-20 01:15:19,69.7,170.31,16.43,97,100,2.53
237,Praia Da Vitoria,PT,2020-11-20 01:15:19,38.73,-27.07,59.0,77,75,12.17
238,Aljezur,PT,2020-11-20 01:15:19,37.32,-8.8,64.99,73,0,8.99
239,Gizo,SB,2020-11-20 01:15:19,-8.1,156.84,85.5,68,100,4.59
240,Abha,SA,2020-11-20 01:13:47,18.22,42.51,53.6,81,0,1.3
241,Rudnogorsk,RU,2020-11-20 01:15:20,57.26,103.75,7.54,95,100,5.79
242,Vrangel,RU,2020-11-20 01:15:20,42.73,133.08,34.47,89,100,8.66
243,Sisimiut,GL,2020-11-20 01:15:20,66.94,-53.67,28.96,97,100,6.78
244,Vardo,NO,2020-11-20 01:15:20,70.37,31.11,37.42,89,100,20.13
245,Fortuna,US,2020-11-20 01:11:14,40.6,-124.16,51.01,93,1,10.29
246,Hobyo,SO,2020-11-20 01:15:21,5.35,48.53,78.55,75,63,15.7
247,Guerrero Negro,MX,2020-11-20 01:11:42,27.98,-114.06,69.03,71,32,12.28
248,Zhuhai,CN,2020-11-20 01:14:30,22.28,113.57,81.0,88,40,2.24
249,Taltal,CL,2020-11-20 01:15:21,-25.4,-70.48,57.34,74,0,4.59
250,Antofagasta,CL,2020-11-20 01:10:50,-23.65,-70.4,60.8,72,75,13.87
251,Kvam,NO,2020-11-20 01:15:22,61.67,9.69,24.15,88,0,9.75
252,Srednekolymsk,RU,2020-11-20 01:15:22,67.45,153.68,4.35,94,100,9.17
253,Lavrentiya,RU,2020-11-20 01:15:22,65.58,-171.0,27.16,97,100,9.78
254,Geraldton,AU,2020-11-20 01:11:11,-28.77,114.6,73.4,60,40,13.87
255,Cayenne,GF,2020-11-20 01:15:23,4.93,-52.33,77.0,100,75,6.26
256,Tucson,US,2020-11-20 01:13:10,32.22,-110.93,82.4,18,1,10.29
257,Nanortalik,GL,2020-11-20 01:15:23,60.14,-45.24,31.37,97,100,11.99
258,Carballo,ES,2020-11-20 01:15:23,43.21,-8.69,51.01,81,7,6.82
259,Vryburg,ZA,2020-11-20 01:15:24,-26.96,24.73,68.83,28,97,6.69
260,Talnakh,RU,2020-11-20 01:15:24,69.49,88.4,12.2,85,90,22.37
261,Duluth,US,2020-11-20 01:12:13,46.78,-92.11,42.8,70,1,5.82
262,Kahului,US,2020-11-20 01:11:54,20.89,-156.47,82.4,58,40,19.46
263,Tacuarembo,UY,2020-11-20 01:12:26,-31.73,-55.98,57.49,91,0,9.31
264,Tairua,NZ,2020-11-20 01:15:25,-37.02,175.85,72.0,43,0,7.0
265,Dingle,PH,2020-11-20 01:15:25,11.0,122.67,83.53,79,3,9.33
266,Zhigansk,RU,2020-11-20 01:15:25,66.77,123.37,-4.09,91,100,18.48
267,Constantine,DZ,2020-11-20 01:15:26,36.37,6.61,50.0,81,40,2.24
268,Roura,GF,2020-11-20 01:15:26,4.73,-52.33,77.0,100,75,1.45
269,Lisakovsk,KZ,2020-11-20 01:15:26,52.54,62.49,17.01,95,0,9.69
270,Shache,CN,2020-11-20 01:15:26,38.42,77.24,31.68,93,88,6.26
271,Chokurdakh,RU,2020-11-20 01:15:26,70.63,147.92,-10.75,90,69,4.92
272,Uhlove,UA,2020-11-20 01:15:27,44.82,33.6,39.47,77,0,12.93
273,Te Anau,NZ,2020-11-20 01:13:00,-45.42,167.72,64.63,47,96,9.06
274,Mecca,SA,2020-11-20 01:11:06,21.43,39.83,73.4,87,0,1.9
275,Mayya,RU,2020-11-20 01:15:27,61.73,130.28,-0.4,77,40,11.18
276,Makhachkala,RU,2020-11-20 01:15:27,42.98,47.5,42.8,75,75,26.84
277,Hammerfest,NO,2020-11-20 01:15:28,70.66,23.68,33.8,96,100,43.62
278,Laureles,US,2020-11-20 01:15:28,26.11,-97.49,75.0,69,1,9.17
279,Dejen,ET,2020-11-20 01:15:28,10.17,38.13,48.09,52,0,3.47
280,Ordu,TR,2020-11-20 01:15:28,40.91,37.68,50.0,87,75,4.7
281,San Quintin,MX,2020-11-20 01:15:29,30.48,-115.95,67.95,66,85,13.73
282,Baiyin,CN,2020-11-20 01:15:29,36.56,104.21,39.99,73,20,6.71
283,Conceicao Do Araguaia,BR,2020-11-20 01:15:29,-8.26,-49.26,71.55,96,51,3.38
284,Nova Prata,BR,2020-11-20 01:13:58,-28.78,-51.61,51.78,94,0,2.53
285,Port Hedland,AU,2020-11-20 01:15:30,-20.32,118.57,86.0,62,0,4.7
286,Araouane,ML,2020-11-20 01:15:30,18.9,-3.53,73.74,21,0,9.06
287,Katsuura,JP,2020-11-20 01:15:30,35.13,140.3,73.4,83,75,27.51
288,Yanam,IN,2020-11-20 01:10:33,16.73,82.22,75.2,78,99,8.05
289,Quatre Cocos,MU,2020-11-20 01:12:55,-20.21,57.76,71.01,88,75,9.6
290,Ouargaye,BF,2020-11-20 01:15:31,11.5,0.06,73.92,26,49,8.68
291,Mahina,PF,2020-11-20 01:15:31,-17.51,-149.49,84.2,70,75,10.29
292,Palana,RU,2020-11-20 01:15:31,59.12,159.97,17.89,93,100,13.6
293,Brae,GB,2020-11-20 01:15:31,60.4,-1.35,35.6,74,81,5.82
294,Mar Del Plata,AR,2020-11-20 01:15:00,-38.0,-57.56,61.0,87,0,4.7
295,Macherla,IN,2020-11-20 01:15:32,16.48,79.43,69.98,89,99,4.05
296,Fukue,JP,2020-11-20 01:15:32,32.69,128.84,60.8,77,75,10.29
297,Beyneu,KZ,2020-11-20 01:15:32,45.32,55.2,20.46,77,0,7.94
298,Chyhyryn,UA,2020-11-20 01:15:32,49.08,32.66,29.16,97,0,9.17
299,Sao Jose Da Coroa Grande,BR,2020-11-20 01:15:32,-8.9,-35.15,78.17,82,93,10.42
300,Erenhot,CN,2020-11-20 01:15:33,43.65,111.98,21.72,87,0,8.25
301,Peniche,PT,2020-11-20 01:15:33,39.36,-9.38,60.01,86,0,5.01
302,Kungurtug,RU,2020-11-20 01:15:33,50.6,97.52,-4.81,87,99,0.65
303,Ijui,BR,2020-11-20 01:15:33,-28.39,-53.91,67.95,56,86,5.14
304,Kangaba,ML,2020-11-20 01:15:33,11.93,-8.42,72.41,33,99,3.04
305,Sakakah,SA,2020-11-20 01:12:20,29.97,40.21,55.4,58,0,6.93
306,Sangar,RU,2020-11-20 01:15:34,63.92,127.47,-12.73,89,100,4.85
307,Avera,US,2020-11-20 01:15:34,33.19,-82.53,50.0,93,1,6.51
308,Sidney,AU,2020-11-20 01:15:20,-33.87,151.21,84.99,51,0,11.41
309,Saint-Pierre,RE,2020-11-20 01:15:35,-21.34,55.48,69.8,56,20,9.17
310,Svetlogorsk,BY,2020-11-20 01:15:35,52.63,29.73,35.76,85,100,15.64
311,Luganville,VU,2020-11-20 01:15:35,-15.53,167.17,82.4,78,75,10.29
312,San Cristobal,VE,2020-11-20 01:14:28,7.77,-72.22,66.85,87,27,1.34
313,Balfour,ZA,2020-11-20 01:15:36,-26.66,28.59,64.99,94,24,8.99
314,Spring Hill,US,2020-11-20 01:15:36,28.48,-82.53,66.2,77,1,9.17
315,Plettenberg Bay,ZA,2020-11-20 01:15:36,-34.05,23.37,58.28,80,0,5.91
316,Korhogo,CI,2020-11-20 01:15:36,9.45,-5.63,72.41,49,0,2.04
317,Porbandar,IN,2020-11-20 01:11:00,21.64,69.61,70.99,33,0,13.56
318,Qinhuangdao,CN,2020-11-20 01:15:37,39.93,119.59,36.07,70,0,4.99
319,Urengoy,RU,2020-11-20 01:15:37,65.97,78.37,9.48,95,100,12.01
320,Vao,NC,2020-11-20 01:15:37,-22.67,167.48,73.83,74,32,16.42
321,Tezu,IN,2020-11-20 01:15:37,27.92,96.17,63.43,49,31,2.53
322,Bastrop,US,2020-11-20 01:13:57,32.76,-91.87,60.8,87,1,6.93
323,Manggar,ID,2020-11-20 01:15:38,-2.88,108.27,84.18,68,100,0.43
324,Mukhen,RU,2020-11-20 01:15:38,48.1,136.1,25.27,91,100,5.3
325,Yulara,AU,2020-11-20 01:15:38,-25.24,130.99,93.2,18,2,6.93
326,Mahajanga,MG,2020-11-20 01:15:38,-15.72,46.32,77.0,88,20,2.24
327,Puerto Leguizamo,CO,2020-11-20 01:15:38,-0.19,-74.78,76.23,90,71,2.62
328,Birao,CF,2020-11-20 01:15:39,10.28,22.79,74.39,38,5,4.85
329,Palmer,US,2020-11-20 01:15:39,42.16,-72.33,39.2,60,75,8.05
330,Labuan,MY,2020-11-20 01:15:39,5.28,115.24,80.6,94,20,1.12
331,Camacha,PT,2020-11-20 01:15:39,33.08,-16.33,68.0,77,40,10.29
332,Kano,NG,2020-11-20 01:15:40,12.0,8.52,60.8,82,45,4.7
333,Bathsheba,BB,2020-11-20 01:15:40,13.22,-59.52,80.6,78,40,20.8
334,Rundu,NA,2020-11-20 01:15:40,-17.93,19.77,72.32,74,100,1.79
335,Mount Gambier,AU,2020-11-20 01:15:40,-37.83,140.77,62.6,72,90,12.75
336,Raudeberg,NO,2020-11-20 01:15:40,61.99,5.14,39.2,60,100,19.46
337,Sambava,MG,2020-11-20 01:12:57,-14.27,50.17,72.48,83,32,8.55
338,Celestun,MX,2020-11-20 01:15:41,20.87,-90.4,77.41,81,0,18.57
339,Khani,GE,2020-11-20 01:15:41,41.96,42.96,48.2,57,90,19.46
340,Aklavik,CA,2020-11-20 01:15:41,68.22,-135.01,-4.0,76,20,3.36
341,Norton,ZW,2020-11-20 01:15:41,-17.88,30.7,66.99,71,42,1.01
342,Lompoc,US,2020-11-20 01:15:42,34.64,-120.46,69.8,40,1,11.41
343,Hvide Sande,DK,2020-11-20 01:15:42,56.0,8.13,41.0,68,87,3.0
344,Dubbo,AU,2020-11-20 01:15:42,-32.25,148.62,91.4,29,53,16.11
345,Puksoozero,RU,2020-11-20 01:15:42,62.59,40.61,43.92,80,100,16.98
346,Upernavik,GL,2020-11-20 01:15:43,72.79,-56.15,27.14,92,98,6.55
347,Madingou,CG,2020-11-20 01:15:43,-4.15,13.55,72.68,94,100,1.07
348,Breves,BR,2020-11-20 01:15:43,-1.68,-50.48,74.5,92,100,3.06
349,Bandiagara,ML,2020-11-20 01:15:43,14.35,-3.61,73.4,56,0,4.7
350,Tshane,BW,2020-11-20 01:15:43,-24.02,21.87,78.31,23,100,8.57
351,Puerto Del Rosario,ES,2020-11-20 01:15:44,28.5,-13.86,69.8,77,90,12.75
352,Flinders,AU,2020-11-20 01:11:14,-34.58,150.86,93.0,55,0,9.17
353,Vanimo,PG,2020-11-20 01:15:44,-2.67,141.3,85.69,66,100,3.29
354,Nome,US,2020-11-20 01:15:44,64.5,-165.41,21.2,79,90,20.8
355,Lagoa,PT,2020-11-20 01:15:45,39.05,-27.98,59.45,75,5,16.15
356,Peruibe,BR,2020-11-20 01:15:45,-24.32,-47.0,64.17,89,100,3.44
357,Walla Walla,US,2020-11-20 01:15:45,46.06,-118.34,46.99,61,1,10.29
358,Mana,GF,2020-11-20 01:15:45,5.66,-53.78,76.55,92,100,8.41
359,Springbok,ZA,2020-11-20 01:15:46,-29.66,17.89,62.82,37,0,15.12
360,Poronaysk,RU,2020-11-20 01:15:46,49.22,143.12,24.49,82,100,11.7
361,Tigzirt,DZ,2020-11-20 01:15:46,36.89,4.12,58.42,76,67,6.44
362,Roseto Degli Abruzzi,IT,2020-11-20 01:15:46,42.67,14.02,53.6,93,94,4.7
363,Praia,CV,2020-11-20 01:15:47,14.92,-23.51,77.0,83,0,17.22
364,Ayr,GB,2020-11-20 01:15:47,55.46,-4.63,41.0,86,75,5.82
365,Sri Aman,MY,2020-11-20 01:15:47,1.24,111.46,75.2,100,40,2.24
366,Mengcheng,CN,2020-11-20 01:15:47,33.26,116.57,47.01,55,9,13.35
367,Coruripe,BR,2020-11-20 01:13:50,-10.13,-36.18,78.42,79,98,15.14
368,San Policarpo,PH,2020-11-20 01:15:48,12.18,125.51,83.89,75,71,6.67
369,Trincomalee,LK,2020-11-20 01:15:48,8.57,81.23,80.56,77,79,8.41
370,Arman,RU,2020-11-20 01:13:07,59.7,150.17,7.81,85,1,10.11
371,Wawa,NG,2020-11-20 01:15:48,9.9,4.42,72.5,32,95,6.24
372,Gamba,GA,2020-11-20 01:15:49,-2.65,10.0,75.63,93,100,4.34
373,Ateptsevo,RU,2020-11-20 01:15:49,55.32,36.75,32.0,91,90,15.66
374,Yenagoa,NG,2020-11-20 01:15:49,4.92,6.26,75.85,91,100,2.93
375,Bestobe,KZ,2020-11-20 01:15:49,52.5,73.1,12.06,94,0,15.97
376,Dharangaon,IN,2020-11-20 01:15:50,21.02,75.27,72.5,43,12,1.45
377,Chumikan,RU,2020-11-20 01:15:50,54.72,135.31,7.79,88,0,21.45
378,Motygino,RU,2020-11-20 01:15:50,58.18,94.76,14.54,95,100,9.8
379,Vanino,RU,2020-11-20 01:15:50,49.09,140.25,25.77,74,100,9.4
380,Ixtapa,MX,2020-11-20 01:15:50,20.7,-105.2,82.4,74,5,5.82
381,Paamiut,GL,2020-11-20 01:15:51,61.99,-49.67,31.46,94,77,6.04
382,Rio Verde De Mato Grosso,BR,2020-11-20 01:15:51,-18.92,-54.84,73.51,57,10,5.82
383,Launceston,AU,2020-11-20 01:15:51,-41.45,147.17,78.01,35,100,18.34
384,Hasaki,JP,2020-11-20 01:15:51,35.73,140.83,73.4,78,75,11.41
385,Sur,OM,2020-11-20 01:15:51,22.57,59.53,74.82,66,0,10.02
386,Bognor Regis,GB,2020-11-20 01:15:52,50.78,-0.68,42.01,94,96,7.61
387,Santa Ana,US,2020-11-20 01:12:54,33.75,-117.87,66.2,63,20,4.7
388,Gualaquiza,EC,2020-11-20 01:15:52,-3.4,-78.55,64.2,86,100,0.67
389,Corn Island,NI,2020-11-20 01:15:52,12.17,-83.04,81.64,80,0,13.02
390,Tiznit,MA,2020-11-20 01:15:52,29.58,-9.5,66.15,36,100,8.1
391,Labuhan,ID,2020-11-20 01:15:53,-6.88,112.21,84.88,71,85,6.31
392,Nizhniy Kuranakh,RU,2020-11-20 01:15:53,58.84,125.49,-2.16,90,98,1.83
393,Guarda,PT,2020-11-20 01:15:53,40.54,-7.27,55.0,29,8,10.0
394,Gulbene,LV,2020-11-20 01:15:54,57.18,26.75,38.39,80,100,12.44
395,Juneau,US,2020-11-20 01:15:54,58.3,-134.42,17.01,100,100,7.07
396,Jiangyou,CN,2020-11-20 01:14:15,31.77,104.72,60.19,49,95,0.81
397,Rawson,AR,2020-11-20 01:15:54,-43.3,-65.1,72.14,36,63,26.08
398,Takab,IR,2020-11-20 01:15:54,36.4,47.11,35.64,85,100,6.64
399,Mindelo,CV,2020-11-20 01:15:55,16.89,-24.98,77.0,73,75,14.99
400,Moberly,US,2020-11-20 01:15:24,39.42,-92.44,66.0,50,0,3.0
401,Anchorage,US,2020-11-20 01:15:55,61.22,-149.9,16.0,72,20,6.93
402,Leningradskiy,RU,2020-11-20 01:15:55,69.38,178.42,26.87,98,100,2.1
403,Mocajuba,BR,2020-11-20 01:15:55,-2.58,-49.51,72.72,95,100,1.54
404,Kaspiyskiy,RU,2020-11-20 01:15:56,45.39,47.37,39.34,72,4,24.05
405,Osa,RU,2020-11-20 01:15:56,57.28,55.46,23.38,93,100,16.15
406,Lithakia,GR,2020-11-20 01:15:56,37.72,20.83,44.6,75,0,3.36
407,Castel Goffredo,IT,2020-11-20 01:15:56,45.3,10.48,46.4,100,100,6.93
408,Buchanan,LR,2020-11-20 01:15:56,5.88,-10.05,77.0,94,75,4.83
409,Dalbandin,PK,2020-11-20 01:15:57,28.89,64.41,43.29,57,0,6.87
410,Olafsvik,IS,2020-11-20 01:15:57,64.89,-23.71,35.31,92,100,20.38
411,Kajaani,FI,2020-11-20 01:15:57,64.23,27.73,30.2,86,90,13.87
412,Tuskegee,US,2020-11-20 01:15:57,32.42,-85.69,55.4,58,1,5.82
413,Majene,ID,2020-11-20 01:12:27,-3.54,118.97,81.36,81,100,3.78
414,Saint-Georges,GD,2020-11-20 01:15:58,12.06,-61.75,82.4,78,20,11.41
415,Klaksvik,FO,2020-11-20 01:15:58,62.23,-6.59,37.4,67,90,14.99
416,Grindavik,IS,2020-11-20 01:15:58,63.84,-22.43,35.6,93,90,10.29
417,Tavda,RU,2020-11-20 01:15:58,58.04,65.27,23.79,88,100,13.2
418,Bima,ID,2020-11-20 01:15:58,-8.47,118.72,92.1,47,39,3.04
419,Lata,PT,2020-11-20 01:15:59,40.16,-8.33,61.0,88,0,4.63
420,Madona,LV,2020-11-20 01:15:59,56.85,26.22,37.83,83,100,11.7
421,Marsa Matruh,EG,2020-11-20 01:15:59,31.35,27.25,59.0,82,40,8.05
422,Adiake,CI,2020-11-20 01:15:59,5.29,-3.3,80.6,83,20,5.82
423,Vuktyl,RU,2020-11-20 01:16:00,63.86,57.31,35.6,89,100,19.39
424,Carutapera,BR,2020-11-20 01:16:00,-1.2,-46.02,77.97,86,99,4.29
425,Saint-Joseph,RE,2020-11-20 01:16:00,-21.37,55.62,69.8,56,20,9.17
426,Torbay,CA,2020-11-20 01:16:00,47.67,-52.73,28.99,53,90,23.04
427,Necochea,AR,2020-11-20 01:11:32,-38.55,-58.74,57.0,76,0,10.0
428,Oktyabrskoye,RU,2020-11-20 01:16:01,43.06,44.74,35.6,93,100,2.24
429,New Philadelphia,US,2020-11-20 01:16:01,40.49,-81.45,60.8,26,1,10.29
430,Kruisfontein,ZA,2020-11-20 01:16:01,-34.0,24.73,51.01,96,0,3.58
431,San Buenaventura,MX,2020-11-20 01:16:01,27.08,-101.53,80.6,44,20,8.05
432,Los Alamos,US,2020-11-20 01:16:02,35.89,-106.31,59.0,18,1,4.7
433,Cento,IT,2020-11-20 01:16:02,44.73,11.29,45.0,100,90,3.36
434,Port Macquarie,AU,2020-11-20 01:16:02,-31.43,152.92,89.01,41,78,3.0
435,Souris,CA,2020-11-20 01:16:02,49.62,-100.26,28.0,85,90,9.17
436,Mao,ES,2020-11-20 01:16:02,39.89,4.27,59.0,54,99,24.16
437,Vila Velha,BR,2020-11-20 01:11:40,-20.33,-40.29,82.0,88,20,16.11
438,Santa Maria,BR,2020-11-20 01:16:03,-29.68,-53.81,62.6,88,75,8.05
439,Egvekinot,RU,2020-11-20 01:16:03,66.32,-179.17,24.3,98,100,6.42
440,College,US,2020-11-20 01:16:03,64.86,-147.8,7.0,69,20,2.1
441,Parkes,AU,2020-11-20 01:16:03,-33.13,148.18,97.0,22,0,3.0
442,Alihe,CN,2020-11-20 01:13:15,50.57,123.72,19.63,77,100,2.26
443,Mehamn,NO,2020-11-20 01:12:09,71.04,27.85,34.39,92,100,30.8
444,Kodinsk,RU,2020-11-20 01:16:04,58.69,99.18,12.45,94,100,6.55
445,Hambantota,LK,2020-11-20 01:16:04,6.12,81.12,73.4,100,20,1.12
446,Wajir,KE,2020-11-20 01:16:04,1.75,40.06,78.13,71,17,10.8
447,Kandla,IN,2020-11-20 01:16:05,23.03,70.22,71.31,39,3,10.07
448,La Trinidad,PH,2020-11-20 01:16:05,16.45,120.59,72.55,72,84,1.21
449,Williams Lake,CA,2020-11-20 01:16:05,52.14,-122.14,21.2,92,90,11.41
450,Dharchula,IN,2020-11-20 01:16:05,29.85,80.53,43.77,42,0,6.69
451,Aktas,KZ,2020-11-20 01:16:05,49.78,72.96,10.4,78,90,2.24
452,Tulun,RU,2020-11-20 01:16:06,54.56,100.58,14.43,91,100,10.8
453,Waingapu,ID,2020-11-20 01:16:06,-9.66,120.26,89.02,55,0,9.55
454,Monte Alegre,BR,2020-11-20 01:16:06,-2.01,-54.07,76.82,88,100,2.82
455,Isangel,VU,2020-11-20 01:16:06,-19.55,169.27,84.2,62,75,5.82
456,Roma,US,2020-11-20 01:11:26,43.21,-75.46,46.4,45,1,4.7
457,Berdigestyakh,RU,2020-11-20 01:16:06,62.1,126.7,-6.2,90,100,5.73
458,Urucara,BR,2020-11-20 01:16:07,-2.54,-57.76,79.11,76,85,2.28
459,Hofn,IS,2020-11-20 01:16:07,64.25,-15.21,38.19,95,100,11.05
460,Ibadan,NG,2020-11-20 01:16:07,7.39,3.9,71.04,89,36,2.24
461,La Romana,DO,2020-11-20 01:13:36,18.43,-68.97,73.4,94,75,9.95
462,Minbu,MM,2020-11-20 01:16:07,20.18,94.88,68.88,79,0,4.5
463,La Paz,BO,2020-11-20 01:12:55,-16.5,-68.15,48.2,66,40,8.05
464,Noumea,NC,2020-11-20 01:14:35,-22.28,166.46,86.0,48,20,14.99
465,Matara,LK,2020-11-20 01:16:08,5.95,80.54,76.82,88,98,1.34
466,Karla,EE,2020-11-20 01:16:08,59.37,24.93,35.01,77,75,19.46
467,Honningsvag,NO,2020-11-20 01:16:08,70.98,25.97,35.22,93,100,34.61
468,Caravelas,BR,2020-11-20 01:16:08,-17.71,-39.25,75.83,91,100,9.13
469,Grand Gaube,MU,2020-11-20 01:16:09,-20.01,57.66,71.01,83,53,4.0
470,Samastipur,IN,2020-11-20 01:16:09,25.85,85.78,69.1,60,75,3.2
471,Americus,US,2020-11-20 01:13:14,32.07,-84.23,57.99,76,90,4.7
472,Prince George,CA,2020-11-20 01:13:07,53.92,-122.75,19.4,79,90,6.93
473,Berlin,DE,2020-11-20 01:14:06,52.52,13.41,41.0,80,0,11.41
474,Atbasar,KZ,2020-11-20 01:16:10,51.8,68.33,10.29,96,97,10.11
475,Bardstown,US,2020-11-20 01:16:10,37.81,-85.47,57.2,32,1,6.93
476,Barmer,IN,2020-11-20 01:16:10,25.75,71.38,60.78,32,0,5.17
477,Saint-Michel-Des-Saints,CA,2020-11-20 01:16:10,46.68,-73.92,25.0,92,100,6.51
478,Palembang,ID,2020-11-20 01:16:10,-2.92,104.75,82.4,78,75,4.7
479,Port Hawkesbury,CA,2020-11-20 01:11:36,45.62,-61.35,30.0,54,90,6.93
480,Ilo,PE,2020-11-20 01:16:11,-17.64,-71.34,63.19,78,4,4.74
481,Sturgeon Bay,US,2020-11-20 01:16:11,44.83,-87.38,51.8,66,1,6.93
482,Russell,US,2020-11-20 01:15:02,32.35,-85.2,57.2,81,1,5.06
483,Bojnurd,IR,2020-11-20 01:16:11,37.47,57.33,32.0,87,90,4.7
484,Sinnamary,GF,2020-11-20 01:16:12,5.38,-52.95,76.01,88,100,6.51
485,Kavaratti,IN,2020-11-20 01:13:13,10.57,72.64,82.22,78,90,10.69
486,Cabo San Lucas,MX,2020-11-20 01:12:57,22.89,-109.91,84.2,42,5,4.7
487,Chatrapur,IN,2020-11-20 01:16:12,19.35,84.98,73.26,80,24,3.11
488,Ancud,CL,2020-11-20 01:14:32,-41.87,-73.82,55.0,87,0,11.41
489,Lorengau,PG,2020-11-20 01:16:13,-2.02,147.27,84.88,72,100,5.17
490,Novodugino,RU,2020-11-20 01:16:13,55.63,34.28,32.9,92,100,18.05
491,Phalaborwa,ZA,2020-11-20 01:16:13,-23.94,31.14,68.22,74,100,15.64
492,Karangampel,ID,2020-11-20 01:16:13,-6.46,108.45,85.46,65,100,7.4
493,Nautla,MX,2020-11-20 01:16:13,20.22,-96.78,73.13,73,67,5.3
494,Zhigalovo,RU,2020-11-20 01:12:47,54.81,105.16,11.08,90,100,4.94
495,Brest,BY,2020-11-20 01:13:46,52.1,23.7,44.17,77,100,13.69
496,Cayambe,EC,2020-11-20 01:16:14,0.05,-78.13,57.2,87,90,5.82
497,Hovd,MN,2020-11-20 01:16:14,48.01,91.64,6.93,75,0,5.08
498,La Sarre,CA,2020-11-20 01:16:14,48.8,-79.2,35.91,88,95,9.6
499,Altamont,US,2020-11-20 01:16:15,42.21,-121.74,42.8,41,1,2.39
500,Talaya,RU,2020-11-20 01:16:15,61.38,152.75,-2.88,88,100,2.66
501,Rio Claro,BR,2020-11-20 01:13:49,-22.41,-47.56,66.2,82,0,14.99
502,Mastic Beach,US,2020-11-20 01:16:15,40.77,-72.85,50.0,66,1,14.99
503,Yar-Sale,RU,2020-11-20 01:16:15,66.83,70.83,20.53,97,100,18.48
504,Shediac,CA,2020-11-20 01:16:16,46.22,-64.54,30.99,92,90,5.82
505,Solnechnyy,RU,2020-11-20 01:16:16,50.72,136.63,20.14,78,100,4.29
506,Lashio,MM,2020-11-20 01:16:16,22.93,97.75,56.32,85,0,0.85
507,Imperatriz,BR,2020-11-20 01:16:16,-5.53,-47.49,72.3,96,100,4.14
508,Pilu,RO,2020-11-20 01:16:16,46.57,21.35,39.99,100,1,1.12
509,Leua,SK,2020-11-20 01:16:16,48.22,18.61,46.99,98,100,9.53
510,Gogrial,SS,2020-11-20 01:16:17,8.53,28.1,75.65,43,51,3.91
511,Mongo,TD,2020-11-20 01:16:17,12.18,18.69,71.89,24,0,6.04
512,Zorritos,PE,2020-11-20 01:16:17,-3.68,-80.68,71.65,72,100,4.52
513,Hualmay,PE,2020-11-20 01:16:17,-11.1,-77.61,64.78,82,57,6.98
514,Severnyy,RU,2020-11-20 01:16:18,50.68,36.55,21.2,100,90,6.71
515,Senador Jose Porfirio,BR,2020-11-20 01:16:18,-2.59,-51.95,74.55,94,100,2.37
516,Jawhar,SO,2020-11-20 01:16:18,2.78,45.5,73.98,94,26,6.22
517,Candido De Abreu,BR,2020-11-20 01:16:18,-24.57,-51.33,62.13,85,9,3.0
518,Mount Pleasant,US,2020-11-20 01:16:18,32.79,-79.86,57.99,76,90,12.71
519,Tongzi,CN,2020-11-20 01:16:19,28.78,105.09,64.56,56,93,2.86
520,Xifeng,CN,2020-11-20 01:16:19,42.74,124.72,19.72,93,97,7.52
521,Bogorodskoye,RU,2020-11-20 01:16:19,56.55,37.88,32.65,91,100,19.13
522,Hay River,CA,2020-11-20 01:16:20,60.82,-115.8,-4.0,76,40,8.05
523,Souillac,MU,2020-11-20 01:16:20,-20.52,57.52,69.8,88,75,6.85
524,Laguna,US,2020-11-20 01:13:13,38.42,-121.42,57.99,62,1,4.7
525,Japura,ID,2020-11-20 01:16:20,-0.32,102.35,78.57,86,76,2.28
526,Tateyama,JP,2020-11-20 01:16:21,34.98,139.87,73.4,83,75,27.51
527,Boguchar,RU,2020-11-20 01:16:21,49.94,40.55,13.91,95,0,7.27
528,Rwamagana,RW,2020-11-20 01:16:21,-1.95,30.43,64.4,88,20,3.36
529,Yenangyaung,MM,2020-11-20 01:16:21,20.47,94.88,69.46,75,0,4.54
530,Merauke,ID,2020-11-20 01:16:21,-8.47,140.33,87.28,66,95,9.8
531,Ponta Delgada,PT,2020-11-20 01:16:22,37.73,-25.67,60.8,87,40,19.46
532,Ibicarai,BR,2020-11-20 01:16:22,-14.87,-39.59,80.6,94,75,8.05
533,Zaozerne,UA,2020-11-20 01:16:22,45.16,33.28,42.67,76,22,18.52
534,Pacific Grove,US,2020-11-20 01:16:08,36.62,-121.92,57.2,82,1,8.05
535,Reconquista,AR,2020-11-20 01:16:22,-29.15,-59.65,68.74,61,0,11.5
536,Miles City,US,2020-11-20 01:16:23,46.41,-105.84,44.6,45,90,8.05
537,Pemba,MZ,2020-11-20 01:16:23,-12.97,40.52,78.8,94,40,12.75
538,Shimoda,JP,2020-11-20 01:16:23,34.67,138.95,75.2,78,75,23.04
539,Mutoko,ZW,2020-11-20 01:16:23,-17.4,32.23,69.1,54,25,4.85
540,Miraflores,MX,2020-11-20 01:16:24,19.22,-98.81,68.0,34,5,9.17
541,Pitanga,BR,2020-11-20 01:11:44,-24.76,-51.76,57.79,82,6,2.93
542,Los Llanos De Aridane,ES,2020-11-20 01:16:24,28.66,-17.92,68.0,77,40,8.05
543,Sistranda,NO,2020-11-20 01:16:24,63.73,8.83,37.4,72,75,27.51
544,Pali,IN,2020-11-20 01:16:24,25.77,73.33,58.73,33,0,6.71
545,Beloha,MG,2020-11-20 01:16:25,-25.17,45.05,65.66,92,2,5.37
546,Salalah,OM,2020-11-20 01:16:25,17.02,54.09,75.2,50,0,5.82
547,Porto Belo,BR,2020-11-20 01:16:25,-27.16,-48.55,71.01,72,20,4.7
548,Lusambo,CD,2020-11-20 01:16:25,-4.97,23.45,69.69,96,100,1.19
549,Rondonopolis,BR,2020-11-20 01:11:32,-16.47,-54.64,74.1,78,12,2.08
550,Savonlinna,FI,2020-11-20 01:16:26,61.87,28.88,32.0,95,90,10.29
551,Bielsko-Biala,PL,2020-11-20 01:16:26,49.82,19.05,45.0,3,100,4.0
552,Vyselki,RU,2020-11-20 01:16:26,45.58,39.66,39.04,75,71,14.99
553,Tapes,BR,2020-11-20 01:16:26,-30.67,-51.4,64.0,71,3,8.01
554,Karpathos,GR,2020-11-20 01:16:27,35.51,27.21,57.2,82,61,16.11
555,Sujiatun,CN,2020-11-20 01:16:27,41.66,123.34,24.8,62,90,4.47
556,Remanso,BR,2020-11-20 01:16:27,-9.62,-42.08,72.57,90,100,8.88
557,Voskresensk,RU,2020-11-20 01:16:27,55.31,38.66,32.0,93,75,13.42
558,Natchez,US,2020-11-20 01:16:27,31.56,-91.4,62.6,72,1,8.05
559,El Fuerte,MX,2020-11-20 01:16:28,26.42,-108.62,84.04,30,0,7.14
560,Dieppe,FR,2020-11-20 01:16:28,49.75,1.17,43.0,93,93,0.58
561,Salekhard,RU,2020-11-20 01:16:28,66.53,66.6,21.87,97,100,12.35
562,Asau,RO,2020-11-20 01:16:28,46.43,26.4,34.0,44,39,4.59
563,Arlit,NE,2020-11-20 01:16:28,18.74,7.39,65.95,27,54,5.68
564,Biloela,AU,2020-11-20 01:16:29,-24.42,150.5,85.14,44,3,13.65
565,Tianpeng,CN,2020-11-20 01:16:29,30.99,103.94,61.0,1,100,1.79
566,Dwarka,IN,2020-11-20 01:16:29,22.24,68.97,74.77,40,0,13.27
567,Powell,US,2020-11-20 01:16:29,40.16,-83.08,59.0,30,1,16.11
568,Kovernino,RU,2020-11-20 01:16:29,57.13,43.81,30.6,92,93,17.94
569,Cap Malheureux,MU,2020-11-20 01:16:29,-19.98,57.61,71.01,83,46,4.0
570,Boa Vista,BR,2020-11-20 01:11:49,2.82,-60.67,82.4,69,0,4.7
571,Shelburne,CA,2020-11-20 01:16:30,44.08,-80.2,51.8,50,100,8.05
572,Uchaly,RU,2020-11-20 01:16:30,54.3,59.45,16.23,89,0,6.89
